URI	mementos	age
https://hbr.org/2008/09/the-new-arsenal-of-risk-management	4	3080
http://www.uefa.com/uefachampionsleague/photos/index.html#pg/2435013	249	2537
http://www.mobile-arsenal.com.ua/samsung/s5660-galaxy-gio/	61	2077
http://www.footballbooks.com/index.php?option=com_content&view=article&id=497&Itemid=276	27	2000
http://news.bbc.co.uk/2/hi/sport/football/fa_carling_premiership/381662.stm	13	1840
https://www.youtube.com/watch?v=R6GDdKrQ8EI&feature=youtu.be	2	1603
http://elpaisonline.com/index.php/2013-01-15-14-16-26/campeon/item/243464-fichaje-el-arsenal-se-plantea-pagar-60-millones-por-reus	1	1483
http://dmergent.org/articles/2013/1/29/shunning-the-conventions-of-niceness-on-the-importance-of-being-a-smart-for-jesus	2	1469
https://play.google.com/store/apps/details?id=com.g5e.secretsociety	19	1341
http://promotions.coral.co.uk/landing-pages/online-betting/	8	1183
http://www.arsenal.com/doubleclub/the-club/community/about-arsenal-double-club	4	1167
http://m.bbc.com/sport/football/teams/arsenal/fixtures	11	1154
http://www.arsenal.com/news/news-archive/club-agrees-loan-move-for-kim-kallstrom	33	1102
http://www.trendinalia.com/twitter-trending-topics/israel/israel-today.html	4	841
http://www.arsenal.com/academy/players/ainsley-maitland-niles	22	830
http://sport24.lefigaro.fr/le-scan-sport/business/2014/10/31/27004-20141031ARTFIG00391-abonnement-en-angleterre-suivre-arsenal-ou-chelsea-coute-une-fortune.php	5	829
http://www.arsenal.com/news/news-archive/20141202/pictures-thierry-henry-s-best-moments	9	797
https://itunes.apple.com/us/podcast/arseblog-arsecasts-arsenal/id281128135?mt=2#episodeGuid=1abebe65-9610-4306-8298-82b53cbd21d9	4	738
http://onasixpence.bigcartel.com/product/arsenal-the-invincibles	5	713
https://www.amazon.com/Arsenal-Gaming-AP3CON3-Wired-Controller-Black/dp/B008L6Y5ZG	7	707
http://arsenal-mania.com/forum/threads/wenger-pearls.24502/	8	651
http://www.arsenalvision.co.uk/reviews/5033-west-brom-h-walcott-scores-wright-goals-and-makes-case-for-final.html	1	622
http://www.arsenalvision.co.uk/articles/5037-wenger-dealt-a-winning-hand.html	7	620
http://www.arsenalvision.co.uk/opposition-view/5040-aston-villa-n-opposition-view-qjack-grealish-is-a-pesky-player-who-could-cause-some-problemsq.html	4	618
http://www.arsenalvision.co.uk/previews/5039-aston-villa-n-thoughts-a-preview-szczesny-start-dino-benteke-a-2nd-chance-for-mean-lean-junior.html	2	618
http://vitaminapublicitaria.com.br/como-criar-historias-para-construir-negocios/	9	543
https://searchenginewatch.com/sew/how-to/2424558/is-it-time-to-add-click-to-call-campaigns-to-your-adwords-arsenal	52	521
http://www.arsenalvision.co.uk/articles/5089-getting-real-about-fantasy-.html	7	511
http://www.arsenalvision.co.uk/previews/5091-dinamo-zagreb-a-thoughts-a-line-up-line-up-permutations-galore-but-balance-must-be-found-.html	1	509
https://www.washingtonpost.com/news/post-politics/wp/2015/09/18/trump-plan-calls-for-nationwide-concealed-carry-and-an-end-to-gun-bans/	24	507
http://www.arsenalvision.co.uk/previews/5097-chelsea-a-thoughts-a-line-up-big-game-needed-from-alexis-a-ozil.html	1	506
http://www.arsenal.com/news/news-archive/20150924/september-player-of-the-month-vote-now	2	501
http://nt.se/bloggar/mirzas-fotbollsblogg/kort-recap-over-fotbollshelgen/?blog=12089552&entry=13879915	2	493
http://www.uefa.com/uefachampionsleague/video/stars-of-ucl/videoid=2318706.html	12	420
http://www.soccerpunter.com/register_form.php?notice=1	16	378
https://www.g5e.com/games/letters_from_nowhere_hidden_object_mystery_ios	13	365
http://player.arsenal.com/matches/g803412/video/7396/the-agony-and-the-ecstasy	7	356
http://www.mirror.co.uk/sport/football/news/arsenal-kit-power-rankings-47-7213076	13	321
http://www.mirror.co.uk/sport/row-zed/arsenal-xi-could-been-featuring-4455482	11	305
http://www.sportsultima.com/premier-league-clubs/arsenal	2	283
https://www.theguardian.com/technology/2016/may/26/us-nuclear-arsenal-controlled-by-1970s-computers-8in-floppy-disks	27	256
http://lp.ladbrokes.com/sports/en/multisports-50freebet	15	247
https://www.youtube.com/channel/UCng-yfmJY92FPTw0U6UwIUg	1	212
http://www.independent.co.uk/news/uk/home-news/israel-nuclear-weapons-uk-government-loses-file-involvement-a7172116.html	2	186
http://www.11v11.com/matches/millwall-v-arsenal-07-october-1992-32553/	2	186
http://classicng.com/2016/08/06/arsenal-finally-confirm-signing-kelechi-nwakali/	1	184
http://www.livemint.com/Sundayapp/siFBqmir2BgbcliU7UBt1K/Silence-is-an-underrated-tool-in-the-arsenal-of-parenting.html	1	163
https://www.thesun.co.uk/sport/football/1769122/troy-deeney-west-ham-tried-to-mug-us-off-as-he-blasts-dimitri-payets-wonderful-rabona-as-it-sparked-watfords-fightback/	10	147
http://www.ronaldo7.net/video/sports-live/sport-live-stream.html	1	139
http://www.arsenalvision.co.uk/post-match-q-a/5041-aston-villa-n-qq-qaa.html	2	108
http://www.arsenalvision.co.uk/post-match-q-a/5094-dinamo-zagreb-a-qthe-reaction-to-going-a-goal-down-was-terribleq-qaa.html	2	108
http://www.newsbud.com/category/newsbud-daily-picks/	4	106
http://cdn.klimg.com/bola.net/library/upload/20/2016/11/175/arsenal_0b65049.jpg	1	90
http://www.arsenal.com/news/news-archive/20161114/the-secret-to-alexis-and-ozil-s-success	1	84
http://www.kicker.de/news/fussball/umfrage/votingguid/a25b91ce-d0c9-41ee-9b73-f0f62a4f6666#omrss_team_bayernmuenchen	3	76
http://www.kicker.de/news/fussball/umfrage/votingguid/a25b91ce-d0c9-41ee-9b73-f0f62a4f6666#omrss_news_fussball	3	76
http://www.kicker.de/news/fussball/umfrage/votingguid/a25b91ce-d0c9-41ee-9b73-f0f62a4f6666#omrss_news_aktuell	3	76
http://www.djbaddo.net/2016/11/24/video-arsenal-2-2-paris-saint-germain-uefa-champions-league/	1	74
http://www.arsenalnews247.tk/2016/12/17/arsenal-transfer-news-latest-rumours-on-carlos-bacca-and-djibril-sidibe-2/	1	51
http://giphy.com/gifs/filmeditor-drink-christmas-movies-l1IYgVpg5B9Dm2JBC	6	47
http://metro.co.uk/2016/12/23/arsene-wenger-hints-at-new-arsenal-contract-in-april-6342948/	3	45
http://www.arsenal.com/news/news-archive/20170109/cohen-bramall-joins-arsenal-under-23s	2	28
http://thoughtcastmedia.tv/how-to-use-social-proof-video-testimonials/	1	27
http://www.arsenal.com/news/news-archive/20170116/quiz-match-the-player-with-their-tattoo	1	21
http://www.arsenal.com/news/news-archive/20170119/sheaf-contract-announcement	2	18
http://metro.co.uk/2017/01/24/chelsea-goalkeeper-thibaut-courtois-tells-title-rivals-arsenal-and-liverpool-to-mind-the-gap-6401794/	4	13
http://www.umaxit.com/index.php/columns/arsenal-should-avoid-typical-signing-mbaye-niang	1	13
http://www.umaxit.com/index.php/columns/cant-win-arsenal-face-criticism-in-spite-of-their-spirited-fightback	1	13
http://metro.co.uk/2017/01/25/manchester-city-back-in-for-transfer-of-arsenal-right-back-hector-bellerin-6404428/	4	12
http://metro.co.uk/2017/01/25/theo-walcott-believes-arsenal-captain-per-mertesacker-will-make-an-unbelievable-manager-6406371/	4	12
http://metro.co.uk/2017/01/25/liverpool-eye-shock-move-for-arsenal-fan-henry-onyekuru-6405473/	1	12
http://metro.co.uk/2017/01/26/arsenal-boss-arsene-wenger-speaks-out-over-serge-gnabry-transfer-rumours-6406919/	3	11
https://www.theguardian.com/uk-news/2017/jan/27/is-uks-nuclear-arsenal-fit-for-purpose-trident	15	10
https://www.thesun.co.uk/sport/football/2718880/marco-reus-arsenal-alexis-sanchez-contract/	6	10
http://www.al-monitor.com/pulse/originals/2017/01/turkey-pkk-diversifies-and-modernizes-arsenal.html	4	10
http://www.al-monitor.com/pulse/originals/2017/01/turkey-pkk-diversifies-and-modernizes-arsenal.html#ixzz4X6AD8sDN	4	10
http://www.biobiochile.cl/noticias/deportes/futbol/futbol-internacional/2017/01/27/arsenal-estaria-dispuesto-a-desembolsar-cerca-de-60-millones-de-euros-por-marco-reus.shtml	3	10
http://www.arsenal.com/news/news-archive/20170127/quiz-who-scored-more-arsenal-goals-	1	10
https://www.whoscored.com/News/Ha173ybuu0eyt60q9j2L-w/Show/Exclusive-Arsenal-readying-%E2%82%AC60m-Reus-bid-should-Alexis-exit-Emirates	1	10
https://www.youtube.com/channel/UCZDi95PJ6VmWtQAScA9Rh-w	1	10
https://www.theguardian.com/football/2017/jan/28/southampton-arsenal-fa-cup-match-report	23	9
https://www.thesun.co.uk/sport/2729877/arsenal-transfer-news-alexis-sanchez-atletico-madrid/	9	9
https://www.rt.com/news/375414-mosul-isis-chemical-weapons/#.WI03vswIIlQ.twitter	7	9
https://www.rt.com/news/375414-mosul-isis-chemical-weapons/#.WI2Qg6mYCZU.twitter	7	9
https://www.rt.com/news/375414-mosul-isis-chemical-weapons/	7	9
https://www.thesun.co.uk/sport/football/2727804/is-this-hector-bellerin-in-an-inter-milan-shirt-arsenal-stars-doppelganger-will-make-you-look-twice/	7	9
https://www.rt.com/news/375414-mosul-isis-chemical-weapons/#.WI6Gq_8QQvY.twitter	7	9
http://www.telegraph.co.uk/football/2017/01/28/fa-cup-fifth-round-draw-will-arsenal-chelsea-spurs-maybe-man/	5	9
http://metro.co.uk/2017/01/28/danny-welbeck-channels-salt-bae-after-scoring-on-arsenal-return-v-southampton-6412432/	4	9
http://bleacherreport.com/articles/2689765-arsenal-transfer-news-latest-rumours-on-karim-benzema-and-marcelo-allende	2	9
http://www.20minutes.fr/paris/2004235-20170128-paris-pavillon-arsenal-rend-hommage-uvre-prefet-haussmann	2	9
http://caracol.com.co/radio/2017/01/28/deportes/1485631825_126366.html	2	9
http://www.soychile.cl/Santiago/Deportes/2017/01/28/443839/Alexis-Sanchez-dio-dos-asistencias-en-la-goleada-del-Arsenal-por-50-contra-el-Southampton.aspx	1	9
http://www.arsenal.com/news/news-archive/20170128/who-was-your-sfcvafc-man-of-the-match-	1	9
http://www.fasstloaded.com/goal-highlights-southampton-0-5-arsenal-fa-cup-highlights-201617/	1	9
http://hsbnoticias.com/noticias/deportes/f%C3%BAtbol/david-ospina-volvio-la-titular-del-arsenal-y-disfruto-de-l-270835	1	9
http://lasthl.com/southampton-vs-arsenal-highlights-full-match-fa-cup/	1	9
https://www.theguardian.com/football/2017/jan/29/spurs-manchester-united-city-daniel-levy-china-premier-league#img-2	17	8
https://www.theguardian.com/football/2017/jan/29/lauren-arsenal-invincible-cameroon-spain-maradona	11	8
http://www.telegraph.co.uk/football/2017/01/29/mesut-ozil-loses-mind-arsenal-players-celebrate-roger-federers/	10	8
https://amp.theguardian.com/football/2017/jan/29/lauren-arsenal-invincible-cameroon-spain-maradona	9	8
https://www.today.ng/sport/football/252214/conte-focused-liverpool-arsenal-title-race-hots	9	8
http://www.telegraph.co.uk/football/2017/01/29/alex-oxlade-chamberlain-artist-shines-rare-central-role-arsenal/	9	8
http://www.espnfc.com/blog/transfer-talk/79/post/3048734/arsenal-plan-85-million-bid-to-beat-man-united-to-antoine-griezmann	8	8
https://www.thesun.co.uk/sport/football/2734707/arsenal-youngster-gedion-zelalem-could-not-be-less-happy-after-being-sent-on-loan-to-dutch-second-tier-side-vvv-venlo-instead-of-rangers/	7	8
https://www.theguardian.com/football/2017/jan/29/arsene-wenger-critics-like-me-in-jail-arsenal-southampton-fa-cup	7	8
http://www.newsweek.com/duterte-warns-us-against-permanent-arms-arsenal-philippines-549817	5	8
https://www.thesun.co.uk/sport/football/2487737/juventus-boss-max-allegri-arsene-wenger-arsenal/	5	8
http://uk.reuters.com/article/uk-philippines-usa-idUKKBN15D0Y9	4	8
http://www.reuters.com/article/us-philippines-usa-idUSKBN15D0YB	4	8
http://metro.co.uk/2017/01/29/pierre-emerick-aubameyang-wanted-by-liverpool-to-replace-daniel-sturridge-6413665/	4	8
https://www.thesun.co.uk/sport/football/2731827/arsenal-transfer-news-antoine-griezmann-targeted-manchester-united-atletico-madrid/	4	8
https://www.thesun.co.uk/video/fa-cup/danny-welbeck-does-the-salt-bae-celebration-after-scoring-on-his-arsenal-comeback/	3	8
https://www.thesun.co.uk/sport/football/2735287/paulo-dybala-snubs-max-allegri-handshake-sparking-rumours-juventus-boss-is-about-to-ditch-his-serie-a-side-and-takeover-at-arsenal/	3	8
https://www.thesun.co.uk/sport/football/2731999/arsenal-advanced-talks-arsene-wenger-juventus-max-allegri/	3	8
http://metro.co.uk/2017/01/29/atletico-madrid-ready-to-offer-alexis-sanchez-220000-a-week-contract-6413692/	3	8
http://news.abs-cbn.com/news/01/29/17/duterte-accuses-us-of-building-permanent-arsenal-in-ph	3	8
https://www.yahoo.com/news/duterte-accuses-u-building-permanent-arsenal-philippines-171822644.html	3	8
http://in.reuters.com/article/philippines-usa-idINKBN15D0YI	3	8
http://www.telegraph.co.uk/football/2017/01/29/arsenal-transfer-news-rumours-antoine-griezmann-centre-85-million/	3	8
http://bleacherreport.com/articles/2689969-arsenal-transfer-news-latest-rumours-on-antoine-griezmann-and-franck-kessie	2	8
http://www.proceso.com.mx/472296/detienen-en-tamaulipas-a-dos-militares-llevaban-armas-los-zetas	2	8
http://www.lacuarta.com/noticia/sub-20-cortado-robles-entrena-arsenal/	2	8
http://mediaindonesia.com/news/read/89762/tanpa-wenger-arsenal-garang/2017-01-30	2	8
http://bola.liputan6.com/read/2840829/roger-federer-juara-pemain-arsenal-ikut-girang	2	8
http://metro.co.uk/2017/01/29/roma-agree-transfer-for-chelsea-arsenal-and-manchester-united-target-franck-kessie-6413752/	2	8
http://metro.co.uk/2017/01/29/arsenal-and-chelsea-offered-karim-benzema-as-real-madrid-look-to-offload-striker-6414074/	2	8
http://bola.liputan6.com/read/2840815/cuplikan-pertandingan-arsenal-cukur-southampton-di-piala-fa	2	8
http://metro.co.uk/2017/01/29/only-arsenal-and-tottenham-can-overtake-chelsea-says-rio-ferdinand-6413500/	2	8
http://www.arsenalnews.co.uk/ricardo-rodriguez-on-his-way-to-arsenal-as-shock-2nd-january-signing/	1	8
http://www.reuters.com/article/us-philippines-usa-idUSKBN15D0YB?il=0	1	8
http://www.arsenalnews247.tk/2017/01/29/lauren-how-i-rose-from-humble-beginnings-to-an-arsenal-invincible-football/	1	8
http://www.arsenalnews.co.uk/arsenal-players-celebrate-federers-australian-open-win/	1	8
http://www.arsenalnews.co.uk/arsenal-to-battle-manchester-united-for-la-liga-star/	1	8
http://www.arsenalnews247.tk/2017/01/29/mohamed-elneny-arsenal-injury-scare-as-midfielder-could-face-spell-out-with-calf-injury/	1	8
http://goonertalk.com/2017/01/29/arsenal-to-battle-manchester-united-for-la-liga-star/	1	8
http://slurf.eu/2017/01/29/arsenal-news-gunners-go-crazy-in-training-after-roger-federers-win-daily-star/	1	8
http://www.arsenalnews.co.uk/done-amp-dusted-arsenal-and-club-finally-agree-deal-for-star-playmaker/	1	8
http://www.arsenalnews.co.uk/breaking-news-50m-rated-to-arsenal-off-barcelona-offers-player-new-deal/	1	8
http://www.arsenalnews247.tk/2017/01/29/egypt-1-morocco-report-arsenals-mohamed-elneny-absent-as-pharaohs-reach-afcon-last-four/	1	8
http://www.arsenalnews.co.uk/massive-injury-blow-for-arsenal-three-key-players-suddenly-injured-on-saturday-claims-source/	1	8
http://www.arsenalnews247.tk/2017/01/29/arsenal-critics-would-like-to-put-me-in-jail-for-pushing-official-arsene-wenger/	1	8
http://www.arsenalnews.co.uk/arsenal-forward-shines-on-return-from-injury-in-arsenals-fa-cup-demolition/	1	8
https://thehotstepanovs.com/2017/01/29/southampton-0-5-arsenal-5-keypoints-from-the-fa-cup-tie/	1	8
http://www.espnfc.us/arsenal/story/3049251/arsenal-critics-would-like-to-put-me-in-jail-for-pushing-official-arsene-wenger	1	8
http://www.arsenalnews.co.uk/bt-pundit-picks-out-the-arsenal-star-who-impressed-him-against-southampton/	1	8
http://www.arsenalnews247.tk/2017/01/29/arsenal-fc-news-juventus-chief-plays-down-rumours-massimiliano-allegri-could-replace-arsene-wenger/	1	8
http://www.arsenalnews.co.uk/why-it-may-not-work-out-for-aaron-ramsey-at-arsenal-unless-he-changes-his-mind-set/	1	8
http://www.arsenalnews.co.uk/official-wenger-would-love-to-agree-e60million-star-signing-for-arsenal/	1	8
http://www.visir.is/arsenal-blandar-ser-i-kapphlaupid-um-griezmann/article/2017170128759	1	8
http://www.arsenalnews.co.uk/rio-ferdinand-makes-new-prediction-about-arsenal-in-title-race/	1	8
http://www.arsenalnews247.tk/2017/01/29/chelsea-transfer-news-roma-agree-transfer-for-chelsea-arsenal-and-manchester-united-target-franck-kessie/	1	8
http://www.elgoldigital.com/arsenal-da-una-alegria-la-liga-la-ultima-decision-tecnico/	1	8
http://www.espn.co.uk/football/blog/transfer-talk/79/post/3048734/arsenal-plan-85-million-bid-to-beat-man-united-to-antoine-griezmann	1	8
http://www.arsenalstation.com/2017/01/29/arsenal-eye-mega-striker-bid-will-tempt-star-with-250k-a-week-deal/	1	8
https://br.sputniknews.com/mundo/201701297546036-duterte-filipinas-eua-arsenal/	1	8
http://www.businessinsider.com/r-duterte-accuses-us-of-building-permanent-arsenal-in-philippines-2017-1	1	8
http://www.jalupon.com/top-five-funniest-meme-in-january-featuring-trump-chelsea-arsenal-and-jammeh/	1	8
http://www.arsenalnews247.tk/2017/01/29/arsenal-and-chelsea-offered-karim-benzema-transfer-as-real-madrid-tire-of-striker/	1	8
http://www.arsenalnews.co.uk/e12-4m-star-reveals-he-is-happy-and-proud-to-agree-deal-with-arsenal/	1	8
http://www.arsenalnews247.tk/2017/01/29/arsenal-predicted-line-up-granit-xhaka-out-against-watford-who-will-replace-him/	1	8
http://www.arsenalnews.co.uk/breaking-arturo-vidal-to-arsenal-deal-on-bayern-submits-40m-for-replacement/	1	8
http://www.arsenalnews.co.uk/club-president-agree-to-sell-their-star-man-to-arsenal/	1	8
http://www.arsenalnews.co.uk/arsenal-in-advanced-talks-with-italian-manager/	1	8
http://www.channelnewsasia.com/news/asiapacific/duterte-accuses-us-of-building-permanent-arsenal-in-philippine/3476650.html	1	8
http://www.arsenalnews247.tk/2017/01/29/arsenal-transfer-news-latest-rumours-on-antoine-griezmann-and-franck-kessie/	1	8
http://www.arsenalnews.co.uk/arsenal-gunners-thrash-southampton-wenger-discusses-welbecks-performance-world-class-striker-linked/	1	8
http://www.justarsenal.com/welbecks-hunger-for-goals-helped-him-through-arsenal-injuries/68926	1	8
http://www.arsenalnews247.tk/2017/01/29/danny-welbeck-hunger-for-goals-got-me-through-arsenal-injury-hell/	1	8
http://slurf.eu/2017/01/29/egypt-1-morocco-0-arsenals-mohamed-elneny-absent-as-pharaohs-reach-afcon-last-four-evening-standard/	1	8
https://actualidad.rt.com/actualidad/229748-duterte-advertir-ejercito-eeuu-crear-arsenal-filipinas	1	8
http://www.arsenalnews.co.uk/arsenal-move-to-agree-deal-for-250k-a-week-forward-wenger-ready-to-make-record-move/	1	8
http://www.arsenalnews.co.uk/arsenal-suffer-fresh-injury-blow-after-star-picks-up-muscle-injury/	1	8
http://www.arsenalnews247.tk/2017/01/29/roger-federer-australian-open-win-splits-arsenal-squad-as-mesut-ozil-and-skhodran-mustafi-go-wild-during-gym-session/	1	8
https://www.thesun.co.uk/video/football/arsenal-youngster-gedion-zelalem-gives-awkward-interview-on-arrival-at-vvv-venlo/	1	8
http://www.arsenalnews.co.uk/arsenals-week-in-quotes-3/	1	8
http://www.espn.co.uk/football/arsenal/story/3049251/arsenal-critics-would-like-to-put-me-in-jail-for-pushing-official-arsene-wenger	1	8
http://www.arsenalnews247.tk/2017/01/29/rio-ferdinand-chelsea-can-be-caught-by-arsenal-and-tottenham/	1	8
http://www.arsenalnews.co.uk/fresh-injury-scare-for-arsenal-as-midfielder-picks-up-calf-problem/	1	8
http://www.arsenalnews247.tk/2017/01/29/atletico-madrid-target-arsenal-star-as-possible-antoine-griezmann-replacement/	1	8
http://www.90min.com/posts/4486497-atletico-madrid-target-arsenal-star-as-possible-antoine-griezmann-replacement	1	8
http://transferimet.com/benzema-arsenal-gjithcka-varet-nga-cristiano-ronaldo/	1	8
http://www.deereport.com/arsenal-battle-manchester-united-atletico-madrid-striker-antoine-griezmann-85million/	1	8
http://goonertalk.com/2017/01/29/fresh-injury-scare-for-arsenal-as-midfielder-picks-up-calf-problem/	1	8
http://www.arsenalnews.co.uk/arsenal-star-set-for-shock-january-move-after-frustrating-time-at-emirates/	1	8
http://www.arsenalnews.co.uk/arsenal-loan-move-raises-plenty-of-questions/	1	8
http://www.biobiochile.cl/noticias/deportes/adlp/2017/01/29/la-burla-del-plantel-de-arsenal-a-los-espanoles-del-equipo-tras-derrota-de-nadal.shtml	1	8
http://www.hispantv.com/noticias/asia-y-oceania/331669/duterte-denuncia-arsenal-eeuu-filipinas	1	8
https://www.today.ng/sport/football/252145/arsenals-alex-iwobi-hails-teammates-southampton-victory	1	8
http://news.antiwar.com/2017/01/29/duterte-us-building-permanent-arsenal-in-philippines/	1	8
http://www.channelnewsasia.com/news/asiapacific/duterte-accuses-us-of-building-permanent-arsenal-in-philippine/3476650.html#.WI6USnRz7Go.twitter	1	8
http://www.lequipe.fr/Football/Actualites/Les-joueurs-d-arsenal-fans-de-roger-federer/773296#xtor=RSS-1?utm_source=Sociallymap&utm_medium=Sociallymap&utm_campaign=Sociallymap	1	8
http://bola.okezone.com/read/2017/01/30/51/1604226/allegri-kencang-dirumorkan-bakal-latih-arsenal-ini-komentar-bos-juventus	1	8
http://www.arsenalnews247.tk/2017/01/29/arsene-wengers-jail-jibe-as-arsenal-boss-answers-critics/	1	8
http://www.oann.com/duterte-accuses-u-s-of-building-permanent-arsenal-in-philippines/	1	8
http://www.arsenalnews247.tk/2017/01/29/arsenal-news-gunners-go-crazy-in-training-after-roger-federers-win/	1	8
http://www.breitbart.com/tech/2017/01/30/daily-beast-falls-shooting-suspect-hoax-publishes-fake-news/	17	7
https://www.theguardian.com/football/blog/2017/jan/30/fa-cup-ten-talking-points-from-weekend-action	12	7
http://www.telegraph.co.uk/football/2017/01/30/fa-cup-fifth-round-draw-live/	11	7
http://www.telegraph.co.uk/football/2017/01/30/arsenal-transfer-news-rumours-live-updates-karim-benzema-offered/	8	7
http://www.telegraph.co.uk/football/2017/01/30/arsenal-transfer-news-rumours-live-updates-karim-benzema-offered/	8	7
http://www.telegraph.co.uk/football/2017/01/30/arsenal-transfer-news-rumours-live-updates-karim-benzema-offered/	8	7
http://www.telegraph.co.uk/football/2017/01/30/arsenal-transfer-news-rumours-live-updates-karim-benzema-offered/#update-20170130-0952	8	7
http://timesofindia.indiatimes.com/india/in-1984-indian-air-force-could-have-inflicted-major-damage-on-pakistans-nuclear-facilities-cia-believed/articleshow/56865788.cms	4	7
http://www.itv.com/news/2017-01-30/wenger-wants-arsenal-players-to-prove-him-right/	4	7
https://www.thesun.co.uk/sport/football/2738071/arsenal-boss-arsene-wenger-refuses-to-rule-out-sensational-move-for-real-madrid-star-karim-benzema/	4	7
https://www.thesun.co.uk/sport/football/2738708/crystal-palace-complete-move-for-defender-burnley-target-irishman-and-arsenal-prepared-to-sell-carl-jenkinson/	3	7
http://metro.co.uk/2017/01/30/arsene-wenger-claims-arsenal-could-play-a-3-4-3-formation-6414712/	3	7
https://www.thesun.co.uk/sport/football/2738170/arsene-wenger-warns-carl-jenkinson-he-must-be-happy-at-a-new-club-and-that-mathieu-debuchy-could-end-arsenal-hell/	3	7
http://www.marca.com/futbol/premier-league/2017/01/30/588f5d68e5fdeafd3f8b45fe.html	3	7
http://metro.co.uk/2017/01/30/arsene-wenger-backs-alex-oxlade-chamberlain-to-switch-to-central-role-after-impressive-arsenal-display-6414644/	3	7
http://www.caughtoffside.com/2017/01/30/arsene-wenger-talks-arsenal-deadline-plans-and-concedes-two-first-team-stars-could-leave/	3	7
http://www.newsweek.com/sport-manchester-united-arsenal-550011?rx=us	3	7
http://www.marca.com/futbol/premier-league/2017/01/30/588f389d268e3e76408b45cf.html	3	7
https://www.oodaloop.com/osint/political-risk/2017/01/30/duterte-accuses-u-s-of-building-permanent-arsenal-in-philippines/	2	7
http://www.caughtoffside.com/2017/01/30/arsenal-star-tipped-for-new-long-term-role-after-impressing-in-southampton-rout/	2	7
http://www.caughtoffside.com/2017/01/30/arsenal-send-21-year-old-starlet-to-championship-on-loan-in-key-move-for-future/	2	7
http://bola.liputan6.com/read/2841119/gara-gara-federer-skuat-arsenal-terbelah	2	7
https://www.360nobs.com/2017/01/chuba-akpom-brighton/	2	7
http://metro.co.uk/2017/01/30/arsene-wenger-says-danny-welbeck-has-done-enough-to-keep-his-arsenal-place-against-watford-6414582/	2	7
http://metro.co.uk/2017/01/30/arsenal-passed-up-the-chance-to-sign-sadio-mane-claims-academy-chief-6415182/	2	7
http://interaksyon.com/article/136682/duterte-us-building-permanent-arsenal-in-country	2	7
https://www.cnet.com/pictures/russias-deadliest-new-war-machines/	2	7
http://unionradio.net/dt-del-arsenal-afirmo-que-su-equipo-no-necesita-a-benzema/	2	7
http://metro.co.uk/2017/01/30/arsene-wenger-plays-down-arsenal-transfer-link-with-karim-benzema-6414571/	2	7
http://www.espnfcasia.com/story/3049514/arsenal-defender-carl-jenkinson-unlikely-to-leave-in-january-window-wenger	2	7
http://metro.co.uk/2017/01/30/arsenal-striker-chuba-akpom-to-go-on-loan-to-championship-leaders-brighton-6415575/	2	7
http://www.espnfc.co.uk/story/3049514/arsenal-defender-carl-jenkinson-unlikely-to-leave-in-january-window-wenger	2	7
https://www.thesun.co.uk/sport/football/2738488/paulo-dybala-max-allegri-handshake-juventus-arsenal/	2	7
http://lamiradadelreplicante.com/2017/01/30/blackarch-linux-amplia-su-arsenal-de-hacking/	2	7
https://www.thesun.co.uk/sport/football/2737259/arsenal-live-arsene-wenger-press-conference-watford/	2	7
http://www.espnfc.com/story/3049514/arsenal-defender-carl-jenkinson-unlikely-to-leave-in-january-window-wenger	2	7
http://www.mediotiempo.com/futbol/2017/01/30/arsene-wenger-aseguro-que-el-arsenal-no-necesita-a-benzema	2	7
http://www.ibtimes.co.in/karim-benzema-arsenal-chelsea-real-madrid-keen-sell-off-striker-714083	2	7
http://www.interaksyon.com/article/136682/duterte-us-building-permanent-arsenal-in-country	2	7
http://www.japantimes.co.jp/news/2017/01/30/asia-pacific/politics-diplomacy-asia-pacific/duterte-accuses-u-s-building-permanent-arsenal-depots-philippines/	2	7
http://metro.co.uk/2017/01/30/juventus-chief-plays-down-massimiliano-allegri-link-with-arsenal-6414480/	2	7
http://www.arsenal.com/news/news-archive/20170130/-welbeck-gives-huge-offensive-potential-	2	7
http://zn.ua/UKRAINE/v-kieve-rekonstruirovali-boy-armii-unr-za-zavod-arsenal-237434_.html	2	7
http://metro.co.uk/2017/01/30/manchester-united-appoint-legia-warsaw-scout-radoslaw-kucharski-as-player-recruitment-overhaul-continues-6414808/	2	7
http://metro.co.uk/2017/01/30/arsenal-legend-paul-merson-predicts-chelsea-will-fail-to-beat-liverpool-6415515/	2	7
http://www.justarsenal.com/are-the-pundits-and-press-against-the-arsenal-boss/68940	1	7
http://www.espn.co.uk/football/bayern-munich/story/3049575/carlo-ancelotti-winter-break-gives-bayern-munich-advantage-over-arsenal	1	7
http://foot-actu.top/2017/01/30/foot-ang-arsenal-arsne-wenger-benzema-pas-besoin-pour-linstant/	1	7
http://www.arsenalnews247.tk/2017/01/30/karim-benzema-to-arsenal-transfer-news-arsene-wenger-dismisses-renewed-speculation-of-arsenal-move-for-real-madrid-striker-karim-benzema/	1	7
http://www.arsenalnews247.tk/2017/01/30/transfer-news-latest-man-united-arsenal-chelsea-and-lfc-2/	1	7
http://bola.okezone.com/read/2017/01/30/51/1604795/tak-perpanjang-kontrak-wenger-arsenal-negosiasi-dengan-allegri	1	7
http://www.justarsenal.com/akpom-moving-on-but-jenkinson-staying-at-arsenal/68956	1	7
http://www.justarsenal.com/will-elneny-injury-prompt-late-arsenal-signing/68932	1	7
http://ewn.co.za/2017/01/30/duterte-accuses-us-of-building-permanent-arsenal-in-philippines	1	7
http://infobaze.net/lauren-how-wenger-made-arsenal-invincible/	1	7
http://www.arsenalnews.co.uk/otd-powerful-defender-signs-deal-with-arsenal/	1	7
http://www.espnfc.com/blog/transfer-talk/79/post/3049252/rumours-rated-include-alvaro-morata-to-arsenal-sebastian-giovinco-to-china	1	7
http://bola.inilah.com/read/detail/2356325/sakit-hati-beckham-absen-tonton-mu-tiga-bulan	1	7
http://thethao247.vn/73-chuyen-nhuong-30-1-real-madrid-muon-ban-3-cau-thu-cuc-chat-luong-d137497.html	1	7
http://www.espnfc.us/story/3049514/arsenal-defender-carl-jenkinson-unlikely-to-leave-in-january-window-wenger	1	7
http://www.dailymail.co.uk/wires/pa/article-4171324/Liverpool-v-Chelsea-numbers.html	1	7
http://arileht.delfi.ee/news/uudised/kross-hea-et-e-arsenal-on-riigil-kaelast-ara?id=77070080	1	7
http://www.arsenalnews.co.uk/chelsea-on-verge-of-transfers-man-utd-assurance-liverpool-bid-denied-for-arsenal-target/	1	7
http://www.arsenalnews.co.uk/photos-key-quartet-all-smiles-in-training-ahead-of-arsenal-return/	1	7
http://www.arsenalnews.co.uk/boss-confirm-arsenal-target-set-to-complete-move-removes-star-from-squad/	1	7
http://www.arsenalnews247.tk/2017/01/30/picking-the-best-potential-arsenal-lineup-to-face-watford-on-tuesday/	1	7
http://www.mo4ch.com/goal-arsenal-v-watford-betting-wengers-men-can-swat-aside-the-hornets/	1	7
http://bola.inilah.com/read/detail/2356328/ketika-mustafi-pemain-arsenal-belum-pernah-kalah	1	7
http://www.arsenalfootballnews24.com/u-18s-arsenal-3-1-reading-report/	1	7
http://www.arsenalnews247.tk/2017/01/30/arsenal-injury-news-egypt-hope-mohmaed-elneny-calf-strain-will-not-rule-arsenal-midfielder-out-of-afcon-2017/	1	7
http://www.voice-online.co.uk/article/arsenal-get-taste-fa-cup-glory-again	1	7
http://www.arsenalnews.co.uk/arsenal-close-in-on-deal-with-brighton-for-21-year-old-forward/	1	7
http://www.thenational.ae/sport/football/fa-cup-team-of-the-week-southampton-old-boys-walcott-and-oxlade-chamberlain-run-riot-for-arsenal	1	7
http://www.arsenalnews.co.uk/update-arsenal-receive-news-of-another-injury-worry-on-sunday/	1	7
http://www.sport24.co.za/Soccer/EnglishPremiership/may-day-as-welbeck-targets-arsenal-start-20170130	1	7
http://www.arsenalnews247.tk/2017/01/30/arsenal-youngster-set-to-complete-loan-deal-with-league-one-outfit-charlton-before-transfer-deadline/	1	7
http://www.mo4ch.com/goal-lauren-how-wenger-made-arsenal-invincible-2/	1	7
http://www.arsenalnews.co.uk/top-source-confirm-morata-on-his-way-to-arsenal-madrid-ready-to-sell/	1	7
http://bola.okezone.com/read/2017/01/30/45/1604884/rio-ferdinand-cuma-chelsea-arsenal-spurs-yang-bisa-juara-liga-inggris-musim-ini	1	7
http://www.arsenal.com/news/news-archive/20170130/arsenal-train-ahead-of-watford-match	1	7
http://www.arsenal.com/news/news-archive/20170130/wenger-on-benzema-transfers-debuchy	1	7
http://www.ninnomedia.com/2017/01/30/ray-wilkins-sees-arsenal-beating-chelsea-at-stamford-bridge-as-mission-impossible/	1	7
http://apostrophe.ua/article/society/2017-01-30/kak-voyska-unr-srajalis-s-bolshevikami-za-arsenal-samyie-yarkie-foto/9870	1	7
http://www.arsenalnews.co.uk/arsenal-team-news-six-back-but-a-doubt-over-frontman-for-watford/	1	7
http://www.elarsenal.net/2017/01/30/pan-prd-y-morena-o-la-mezquindad-politica/	1	7
http://limadetik.com/2017/01/30/skuat-arsenal-lebih-besar-dari-chelsea/	1	7
https://shewore.com/2017/01/30/defining-7-days-for-arsenal/	1	7
http://www.fourfourtwo.com/news/liverpool-and-arsenal-matches-not-decisive-chelsea-claims-conte	1	7
http://www.arsenalnews.co.uk/arsenal-fc-transfer-news-arsene-wenger-dismisses-link-to-real-madrid-star-karim-benzema/	1	7
http://www.arsenalnews.co.uk/the-wenger-legend-examined-how-much-credit-should-arsene-get-for-his-early-success-at-arsenal/	1	7
http://www.mo4ch.com/goal-transfer-news-the-latest-rumours-from-man-utd-chelsea-arsenal-and-all-the-top-teams-4/	1	7
http://www.mo4ch.com/goal-wenger-reacts-to-benzema-to-arsenal-reports-with-classic-response/	1	7
http://www.arsenalfootballnews24.com/arsenal-fc-transfer-news-arsene-wenger-dismisses-link-to-real-madrid-star-karim-benzema/	1	7
http://goonernews.com/blog/is-it-chelsea-win-or-bust-for-arsenals-title-challenge/	1	7
https://www.youtube.com/playlist?list=PLvuwbYTkUzHcJ-CtDI1Gu_6xuULpHo_c7	1	7
http://www.espnfc.co.uk/club/arsenal/359/blog/post/3049683/olivier-giroud-must-be-dropped-and-alexis-sanchez-used-up-top-for-arsenal	1	7
http://www.justarsenal.com/arsenal-and-spurs-only-challengers-to-chelsea-for-the-title/68944	1	7
http://prediksiskorbola77.com/prediksi-arsenal-vs-watford-01-februari-2017/	1	7
http://www.arsenalnews247.tk/2017/01/30/arsenal-v-watford-bbc-sport/	1	7
http://www.arsenal.com/match/report/1617/post/under-18/u-18s-arsenal-3-1-reading-report	1	7
http://www.arsenalnews.co.uk/chelsea-ace-proves-uniqueness-arsenals-redemption-ultimate-liverpool-nemesis-fa-cups-shock-stats/	1	7
http://www.arsenalnews.co.uk/arsenal-v-watford-6/	1	7
http://bola.okezone.com/read/2017/01/30/51/1604792/tampil-buruk-real-madrid-tawarkan-benzema-ke-chelsea-dan-arsenal	1	7
http://gidibest.com.ng/2017/01/download-southampton-0-5-arsenal-fa-cup-highlights-201617/	1	7
https://positivelyarsenal.com/2017/01/30/a-206-increase-in-penalties-vs-afc-proves-bias/	1	7
http://www.arsenalnews.co.uk/alexis-not-interested-in-signing-new-deal-arsenal-insider-makes-huge-revelation/	1	7
https://midnimo.com/2017/01/30/kadib-orintii-taageerayaasha-r-madrid-arsenal-oo-jaanis-loo-siiyay-saxiixa-benzema/	1	7
http://sidomi.com/504797/klasemen-liga-inggris-hari-ini-chelsea-unggul-8-poin-dari-arsenal/	1	7
http://www.arsenalnews247.tk/2017/01/30/arsene-wenger-ban-arsenal-boss-says-critics-want-him-locked-in-jail-instead-of-four-game-ban-london-football/	1	7
http://www.arsenalvision.co.uk/reviews/5093-dinamo-zagreb-a-theo-goal-not-enough-as-disjointed-gunners-lose-fluency.html	1	7
http://www.arsenalnews.co.uk/arsenal-striker-set-for-exit-with-championship-leaders-brighton/	1	7
http://www.delfi.ee/news/paevauudised/eesti/karilaid-arsenal-on-ainus-asi-mille-euro-odavamaks-tegi?id=77073050	1	7
http://www.mo4ch.com/goal-arsenal-v-watford-betting-wengers-men-can-swat-aside-the-hornets-2/	1	7
http://bola.metrotvnews.com/inggris/9K57zvlb-mustafi-berharap-menjaga-rekor-tak-terkalahkan-arsenal	1	7
http://jejakbola.com/prediksi-bola-arsenal-vs-watford-01-febuari-2017/	1	7
http://infobaze.net/arsenal-striker-set-for-exit-with-championship-leaders-brighton/	1	7
http://www.gist.ng/arsenal-boss-arsene-wenger-gets-four-match-touchline-ban/	1	7
http://www.france24.com/en/20170130-arsenal-boss-arsene-wenger-wont-make-deadline-day-moves	1	7
http://www.espnfcasia.com/arsenal/story/3049542/arsenals-danny-welbeck-not-completely-fit-yet-arsene-wenger	1	7
http://www.arsenalnews.co.uk/predicted-arsenals-4-2-3-1-starting-xi-vs-watford/	1	7
http://wadup.com.ng/arsenal-boss-arsene-wenger-gets-four-match-touchline-ban/	1	7
http://www.lequipe.fr/Football/Actualites/Arsene-wenger-benzema-pas-besoin-pour-l-instant/773652#xtor=RSS-1?utm_source=Sociallymap&utm_medium=Sociallymap&utm_campaign=Sociallymap	1	7
http://london-informer.com/273950/arsenal-v-watford/	1	7
http://m.liputan6.com/bola/read/2840815/cuplikan-pertandingan-arsenal-cukur-southampton-di-piala-fa	1	7
http://www.arsenalnews.co.uk/arsenal-v-watford-tuesday-31-january-2017-the-match-officials/	1	7
https://www.wartasolo.com/20698/prediksi-arsenal-vs-watford-jadwal-liga-inggris-pekan-ke-23-010217.html	1	7
http://m.liputan6.com/bola/read/2840829/roger-federer-juara-pemain-arsenal-ikut-girang	1	7
http://www.arsenalnews.co.uk/juve-increase-offer-for-arsenal-target/	1	7
http://www.arsenal.com/news/news-archive/20170130/emirates-fa-cup-fifth-round-draw-on-monday	1	7
http://www.ibtimes.co.uk/karim-benzema-not-joining-arsenal-two-players-could-leave-deadline-day-1603828	1	7
http://www.goal.com/en-gb/news/2892/transfer-zone/2017/01/30/31856622/transfer-news-the-latest-rumours-from-man-utd-chelsea	1	7
http://slurf.eu/2017/01/30/wenger-expecting-very-quiet-deadline-day-as-he-puts-faith-in-arsenal-squad-irish-examiner/	1	7
http://www.arsenalnews.co.uk/photo-proof-medicals-completed-dimitri-payet-in-london-for-arsenal-medical/	1	7
http://lebuzz.eurosport.co.uk/viral/best-tweets-arsene-wenger-insists-arsenal-dont-need-to-sign-anyone-fans-go-potty-24551/#uk-tw-po	1	7
http://www.arsenalnews.co.uk/arsenal-would-expect-to-pay-over-e15million-a-year-to-seal-signing/	1	7
http://slurf.eu/2017/01/30/ray-wilkins-cant-see-arsenal-beating-chelsea-at-stamford-bridge-skysports/	1	7
http://fakta.co.id/2017/01/30/media-inggris-ungkap-pertemuan-arsenal-dan-max-allegri/	1	7
http://www.20minutos.es/deportes/noticia/wenger-arsenal-no-necesita-benzema-2946909/0/	1	7
http://www.espnfc.co.uk/arsenal/story/3049542/arsenals-danny-welbeck-not-completely-fit-yet-arsene-wenger	1	7
http://www.soccermylife.com/arsenals-wenger-to-take-cautious-approach-with-welbeck/	1	7
http://bola.metrotvnews.com/inggris/ybDe8nRk-wenger-senang-punya-banyak-striker-berkualitas	1	7
http://www.arsenalfootballnews24.com/arsenal-v-watford-3/	1	7
http://arsenalnewshq.com/pep-guardiola-set-to-anger-arsenal-fans-by-signing-this-star-player-reports/	1	7
http://www.skysports.com/football/news/11095/10748510/arsenal-cant-beat-chelsea	1	7
http://www.fourfourtwo.com/news/nelson-vivas-ive-never-experienced-such-a-feeling-perfection-i-did-arsenal	1	7
http://www.arsenalnews247.tk/2017/01/30/arsenal-fc-transfer-news-arsene-wenger-dismisses-link-to-real-madrid-star-karim-benzema/	1	7
http://www.arsenalnews247.tk/2017/01/30/arsenal-manchester-utd-manchester-city-discussed-in-transfer-centre-special-podcast-football-news/	1	7
http://www.arsenalnews.co.uk/arsenal-star-mohamed-elneny-to-miss-egypts-afcon-semis/	1	7
http://m.liputan6.com/bola/read/2841119/gara-gara-federer-skuat-arsenal-terbelah	1	7
http://soccertweets.com/arsenal-transfer-news-and-rumours-live-updates-arsene-wenger-responds-to-suggestions-karim-benzema-will-sign-telegraph-co-uk/	1	7
http://brontobyte.info/international/arsenal-suffer-blow-as-mohamed-elneny-picks-up-injury-on-international-duty-with-egypt/	1	7
http://www.lequipe.fr/Football/Actualites/Arsene-wenger-benzema-pas-besoin-pour-l-instant/773652#xtor=RSS-1	1	7
http://www.arsenalnews.co.uk/confirmed-pictures-griezmann-finally-arrive-in-london-all-smiles-with-arsenal-fans/	1	7
http://www.justarsenal.com/uh-oh-arsenal-injury-problems-suddenly-become-serious-ahead-of-chelsea-clash/68933	1	7
http://www.espnfc.com/arsenal/story/3049542/arsenals-danny-welbeck-not-completely-fit-yet-arsene-wenger	1	7
http://www.arsenalnews.co.uk/club-reveal-the-only-condition-they-will-consider-to-sell-star-to-arsenal/	1	7
http://www.nation.co.ke/sports/football/May-day-as-Welbeck-targets-Arsenal-start/1102-3792650-iihz/index.html	1	7
http://www.mo4ch.com/goal-mustafi-targeting-unbeaten-season-for-arsenal-2/	1	7
http://goonernews.com/blog/arsenal-linked-to-outrageous-85m-transfer-for-french-mega-star/	1	7
http://www.arsenalnews.co.uk/official-it-s-done-sturridge-finally-complete-30m-move-to-arsenal-picture/	1	7
http://www.espnfc.us/club/arsenal/359/blog/post/3049683/olivier-giroud-must-be-dropped-and-alexis-sanchez-used-up-top-for-arsenal	1	7
http://www.espnfc.us/blog/transfer-talk/79/post/3049252/rumours-rated-include-alvaro-morata-to-arsenal-sebastian-giovinco-to-china	1	7
http://www.arsenalnews.co.uk/arsenal-ace-shkodran-mustafi-aiming-for-an-unbeaten-season/	1	7
http://www.arsenalnews.co.uk/pictures-the-injured-arsenal-stars-now-in-training-with-first-team-on-monday/	1	7
http://www.arsenalnews247.tk/2017/01/30/arsenal-f-c-football-signature/	1	7
http://le-grove.co.uk/2017/01/30/arsene-reshaping-the-midfield-an-accident-or-a-gift-for-a-brighter-future/	1	7
http://www.mo4ch.com/goal-arsenal-striker-set-for-exit-with-championship-leaders-brighton/	1	7
http://www.mo4ch.com/goal-lauren-how-wenger-made-arsenal-invincible/	1	7
http://apostrophe.ua/ua/article/society/2017-01-30/kak-voyska-unr-srajalis-s-bolshevikami-za-arsenal-samyie-yarkie-foto/9870	1	7
http://www.arsenalnews.co.uk/arsenal-want-to-complete-deal-for-17-goal-striker-before-deadline-day/	1	7
https://www.yahoo.com/news/m/f5a8d2fc-c40e-3428-9576-dc9e0f0d33c2/president-duterte-warns-the.html	1	7
http://www.arsenalnews.co.uk/latest-arsenal-set-to-complete-200000-a-week-deal-for-griezmann-before-1130pm/	1	7
http://sidomi.com/504881/arsenal-vs-watford-liga-inggris-2017/	1	7
http://www.arsenal.com/news/news-archive/20170130/-niang-will-be-an-asset-for-watford-	1	7
http://www.skysports.com/football/news/11670/10743861/shkodran-mustafi-wants-to-keep-up-unbeaten-run-at-arsenal	1	7
http://libero.pe/futbol-internacional/174043-alexis-sanchez-rechazaria-renovar-con-el-arsenal-y-se-iria-al-atletico-madrid	1	7
http://www.arsenalnews247.tk/2017/01/30/arsenal-vs-watford-arsene-wengers-key-pre-match-press-conference-comments/	1	7
http://bola.inilah.com/read/detail/2356439/wenger-arsenal-tak-butuh-benzema	1	7
http://www.ibtimes.co.uk/arsenal-suffer-blow-mohamed-elneny-picks-injury-international-duty-egypt-1603752	1	7
http://soccertweets.com/shkodran-mustafi-wants-to-keep-up-unbeaten-run-at-arsenal-skysports/	1	7
http://www.espnfcasia.com/blog/transfer-talk/79/post/3049252/rumours-rated-include-alvaro-morata-to-arsenal-sebastian-giovinco-to-china	1	7
http://www.arsenal.com/news/news-archive/20170130/-he-s-a-player-with-great-attitude-	1	7
http://www.arsenalnews247.tk/2017/01/30/carl-jenkinson-to-crystal-palace-from-arsenal-transfer-news-sam-allardyce-dismisses-chances-of-carl-jenkinson-deal-as-he-eyes-martin-caceres-signing/	1	7
http://www.tribunnews.com/superskor/2017/01/30/pemain-arsenal-terbelah-sikapi-pertandingan-australia-terbuka	1	7
http://www.mo4ch.com/goal-arsenal-striker-set-for-exit-with-championship-leaders-brighton-2/	1	7
https://uk.sports.yahoo.com/news/hot-transfer-window-gossip-benzema-offered-to-arsenal-and-chelsea-saints-close-in-on-17m-gabbiadini-west-brom-want-ivanovic-090236530.html	1	7
http://www.arsenalnews.co.uk/pep-guardiola-set-to-anger-arsenal-fans-by-signing-this-star-player-reports/	1	7
http://slurf.eu/2017/01/30/ray-wilkins-cant-see-arsenal-beating-chelsea-at-stamford-bridge-skysports-2/	1	7
http://www.arsenalnews247.tk/2017/01/30/official-personalised-arsenal-fc-dressing-room-mug-99p-expedited-delivery-authorized-uk-seller/	1	7
http://www.90shoot.com/prediksi-bola/2017/01/prediksi-liga-inggris-arsenal-vs-warford-1-februari-2017/	1	7
http://www.kickoff.com/news/72609/egypt-assessing-arsenals-mohamed-elneny-ahead-of-african-nations-cup-semi-final-with-burkina-faso-	1	7
http://www.goal.com/en-us/news/69/transfer-zone/2017/01/30/31856652/transfer-news-the-latest-rumours-from-man-utd-chelsea	1	7
http://radiohimilo.so/2017/01/30/xan-arsenal-oo-wada-hadal-kula-jirta-max-allegri/	1	7
http://www.arsenalfootballnews24.com/arsenals-returning-hero-danny-welbeck-will-not-start-against-watford-confirms-arsene-wenger/	1	7
http://www.justarsenal.com/welbeck-wont-play-so-who-will-be-arsenals-front-3-against-watford/68951	1	7
http://www.naijacomedyhub.com/2017/01/30/arsenal-boss-arsene-wenger-gets-four-match-touchline-ban/	1	7
http://brontobyte.info/international/real-madrid-pushing-alvaro-morata-towards-arsenal-or-chelsea/	1	7
http://www.arsenalnews.co.uk/arsenal-legend-set-to-manage-youth-team/	1	7
http://rmcsport.bfmtv.com/football/arsenal-wenger-n-a-pas-besoin-de-benzema-1093001.html	1	7
http://www.dailymail.co.uk/sport/football/article-4171408/Arsenal-news-Lauren-says-Hector-Bellerin-best.html?ITO=1490&ns_mchannel=rss&ns_campaign=1490	1	7
http://www.espnfc.us/bayern-munich/story/3049575/carlo-ancelotti-winter-break-gives-bayern-munich-advantage-over-arsenal	1	7
http://www.arsenalnews247.tk/2017/01/30/arsenal-vs-watford-live-online-coverage-prediction-team-news-line-ups-start-time-live-tv-head-to-head-odds-london-football-premier-league-preview/	1	7
http://www.arsenalnews.co.uk/arsene-wenger-discusses-critics-after-arsenal-ban-for-pushing-anthony-taylor/	1	7
http://www.teamtalk.com/news/wenger-arsenal-critics-would-like-to-see-me-put-in-jail	1	7
http://www.arsenalnews.co.uk/chelsea-boss-antonio-conte-discusses-facing-liverpool-and-arsenal-in-the-same-week/	1	7
http://bola.okezone.com/read/2017/01/30/45/1604530/southampton-didukung-untuk-mempermalukan-manchester-united-di-final-piala-liga	1	7
http://infobaze.net/wenger-reacts-to-benzema-to-arsenal-reports-with-classic-response/	1	7
http://realfootballman.com/football/arsenal-vs-watford-pre-match-stats-2/	1	7
http://arsenalnewshq.com/arsenal-to-battle-two-european-giants-for-this-24-year-old-superstar/	1	7
http://www.sport24.co.za/Soccer/EnglishPremiership/may-day-as-welbeck-targets-arsenal-start-20170130-2	1	7
http://soccertweets.com/arsenal-star-mohamed-elneny-to-miss-egypts-afcon-semis-daily-mail/	1	7
http://www.arsenalnews.co.uk/arsenal-agree-deal-for-24-year-old-star-transfer-to-be-announced-in-48hrs/	1	7
http://www.oohtobeagooner.com/top-source-confirm-morata-on-his-way-to-arsenal-madrid-ready-to-sell/	1	7
http://www.arsenalnews.co.uk/arsenal-to-battle-two-european-giants-for-this-24-year-old-superstar/	1	7
http://brontobyte.info/international/karim-benzema-not-joining-arsenal-but-two-players-could-leave-on-deadline-day/	1	7
http://www.goal.com/en/news/11/transfer-zone/2017/01/30/31856602/transfer-news-the-latest-rumours-from-man-utd-chelsea	1	7
http://www.arsenalnews.co.uk/arsenal-v-watford-5/	1	7
http://www.espnfc.us/arsenal/story/3049542/arsenals-danny-welbeck-not-completely-fit-yet-arsene-wenger	1	7
http://www.topmercato.com/145453,1/gomis-a-deloge-ibrahimovic-walcott-voit-triple-avec-arsenal----les-tops-du-week-end.html	1	7
http://thethao247.vn/73-canh-tay-phai-cua-bau-duc-ke-thoi-khac-song-con-cua-hoc-vien-hagl-arsenal-jmg-d137500.html	1	7
http://bola.kompas.com/read/2017/01/30/19502268/benzema.kerap.digosipkan.ke.arsenal.karena.kewarganegaraannya	1	7
http://www.arsenalnews247.tk/2017/01/30/arsenal-fc-official-football-gift-2pk-home-away-kit-baby-bodysuits-12-18-months/	1	7
http://www.bold.dk/fodbold/nyheder/wenger-slipper-gerne-jenkinson/	1	7
http://bola.republika.co.id/berita/sepakbola/liga-inggris/17/01/30/oklmpk348-wenger-masih-hatihati-dengan-kondisi-welbeck	1	7
https://www.thesun.co.uk/sport/football/2195644/transfer-deadline-day-2017-live-news/	2	6
http://www.espnfc.com.au/story/3049514/arsenal-defender-carl-jenkinson-unlikely-to-leave-in-january-window-wenger	2	5
http://can24.news897.com/post/143813888988/lionel-messi-fan-leaves-afghanistan-after-taliban#_=_	1	2
